,energie,eau,proteines,glucides,lipides
5,179.0,60.3,4.88,23.7,6.7
6,130.0,75.8,4.5,8.87,8.3
9,29.9,93.2,0.94,3.07,0.7
13,167.0,65.5,3.79,17.4,8.3
16,105.0,80.4,0.94,5.78,8.1
22,55.0,85.8,3.74,6.6,1.12
24,39.4,90.2,0.76,5.05,1.56
25,42.8,89.4,3.45,2.88,1.79
26,34.5,90.9,0.86,4.43,1.22
27,37.1,90.8,0.79,4.46,1.51
28,30.8,93.8,1.3,3.86,1.0
29,4.8,98.1,0.2,0.1,0.4
30,40.4,92.7,1.35,4.93,1.4
31,48.2,92.0,0.81,4.09,3.07
32,33.2,91.2,0.61,3.89,1.41
33,38.7,90.3,0.74,6.27,0.99
34,62.9,85.1,3.75,5.4,2.5
35,48.8,89.4,1.2,5.6,2.0
36,30.4,89.4,1.2,5.2,0.35
37,29.0,90.6,0.91,5.09,0.5
38,29.8,93.3,0.97,5.25,0.44
39,34.3,90.0,1.2,5.77,0.55
40,26.1,92.8,0.63,4.84,0.41
42,9.05,97.6,0.6,1.33,0.15
43,35.3,90.8,0.6,5.14,1.31
45,47.8,90.0,1.4,6.8,1.4
46,36.2,90.4,0.76,5.79,0.97
47,37.8,91.3,0.65,4.37,1.79
48,24.0,94.1,0.58,4.37,0.4
49,35.9,91.8,0.67,4.13,1.56
50,5.58,97.4,0.6,0.5,0.13
51,5.38,98.0,0.34,0.65,0.16
52,21.6,92.2,0.63,4.21,0.18
53,21.3,94.2,0.75,3.87,0.25
57,31.3,91.3,1.14,5.53,0.34
61,33.4,90.9,1.0,3.84,1.32
62,34.8,91.8,0.72,5.31,1.07
64,32.8,91.1,0.65,3.38,1.62
66,37.4,90.7,1.27,4.5,1.37
67,17.1,94.6,1.38,2.18,0.5
68,116.0,74.0,20.4,0.3,3.68
69,112.0,77.9,18.4,0.7,3.62
70,94.1,76.6,15.7,0.6,3.2
71,113.0,75.1,15.4,3.1,4.0
72,84.6,78.4,8.93,4.17,3.3
77,193.0,64.1,14.5,2.6,13.8
78,164.0,64.2,23.9,8.8,3.4
79,104.0,77.1,11.3,3.65,4.6
80,124.0,75.2,10.6,3.15,6.9
81,189.0,67.7,10.6,1.2,14.7
84,136.0,70.7,10.0,11.4,5.4
86,276.0,54.8,22.0,0.48,20.5
87,271.0,57.0,15.2,0.55,23.0
88,172.0,58.8,26.0,9.3,3.3
89,139.0,69.2,21.9,0.33,5.2
90,137.0,68.0,23.1,1.39,4.0
91,138.0,73.6,5.99,9.39,8.22
92,149.0,68.9,8.31,12.2,7.2
93,90.7,72.9,5.9,11.5,1.9
94,168.0,65.0,3.2,16.2,9.6
95,132.0,69.2,7.69,14.0,4.53
96,130.0,66.9,7.5,15.6,3.85
97,128.0,69.2,7.59,12.5,4.73
98,146.0,69.9,6.82,8.51,9.06
99,168.0,68.5,7.0,10.5,10.2
100,129.0,70.6,8.06,9.41,5.77
101,109.0,82.4,5.06,2.8,8.06
102,118.0,73.5,8.24,8.89,4.87
103,77.5,82.9,10.9,3.2,2.02
104,96.6,78.5,13.2,3.3,3.15
105,82.1,82.5,6.0,3.7,4.3
106,132.0,71.1,8.3,8.6,6.3
107,161.0,68.6,10.5,10.1,7.86
108,122.0,78.5,5.49,2.0,9.67
109,94.9,81.2,5.3,2.0,6.6
110,118.0,74.2,7.13,13.0,3.35
111,147.0,76.0,5.82,5.16,10.8
112,133.0,73.7,8.05,5.0,8.61
113,132.0,73.0,12.8,4.5,6.83
114,96.7,77.4,11.2,3.5,4.08
116,127.0,72.7,7.54,14.4,3.7
118,69.8,81.1,6.4,3.6,3.0
119,92.0,76.5,10.3,7.43,2.24
120,284.0,57.5,9.56,4.43,24.8
121,105.0,78.4,6.13,8.39,5.1
122,117.0,78.2,6.69,5.28,7.5
123,133.0,71.2,8.36,7.43,7.65
124,176.0,67.5,14.8,5.3,10.4
125,75.2,83.6,9.31,3.1,2.3
129,79.9,84.2,9.16,3.0,3.25
131,114.0,78.6,11.8,3.9,5.5
133,127.0,73.8,18.0,0.86,5.71
134,93.5,75.0,18.5,1.5,1.5
135,132.0,75.0,13.3,3.18,7.05
136,144.0,69.3,23.5,0.0,5.52
137,107.0,74.0,22.0,0.0,2.18
138,106.0,74.0,22.1,0.0,2.0
139,148.0,66.9,7.86,17.1,4.9
140,105.0,75.6,7.5,14.2,1.6
141,117.0,74.9,6.39,8.57,6.15
142,171.0,60.3,6.69,26.9,3.7
147,81.2,81.7,2.6,12.1,1.77
161,75.3,85.6,1.38,0.1,6.6
164,252.0,48.0,8.25,18.7,14.4
166,211.0,55.7,7.38,17.7,10.8
167,186.0,57.0,4.93,29.5,4.84
169,95.3,79.1,4.22,12.5,2.83
170,134.0,74.3,6.29,13.5,5.72
171,116.0,69.5,5.32,13.6,4.07
172,164.0,62.9,5.46,23.6,4.94
173,190.0,59.4,5.5,27.8,5.5
174,179.0,64.7,7.06,16.4,9.2
175,103.0,74.0,2.75,11.0,4.85
176,161.0,66.0,5.91,14.2,8.7
177,148.0,71.2,7.28,13.0,7.1
178,226.0,51.3,10.0,26.8,8.3
179,108.0,71.1,4.32,16.4,2.25
180,219.0,51.2,7.94,27.8,7.5
181,265.0,35.3,11.4,40.3,5.79
182,174.0,60.3,6.94,25.1,4.65
183,268.0,42.9,11.3,37.3,7.69
184,262.0,37.5,9.98,41.4,5.69
185,104.0,76.4,4.88,12.6,3.4
188,119.0,73.6,2.74,18.4,3.8
191,91.1,78.5,2.88,13.5,2.45
192,156.0,64.6,5.19,20.9,4.9
195,199.0,55.9,7.98,25.7,6.53
196,149.0,67.6,2.5,18.6,6.5
197,122.0,74.5,4.38,11.8,5.9
198,179.0,65.6,7.0,14.0,10.2
199,133.0,68.1,6.1,11.4,6.6
200,195.0,65.1,8.06,9.5,13.3
202,184.0,67.3,12.9,3.8,12.6
203,161.0,68.9,6.0,13.5,8.9
204,399.0,30.3,16.2,22.7,26.6
205,232.0,57.4,16.2,2.6,17.2
206,263.0,52.6,17.4,15.3,14.6
208,151.0,63.7,16.1,7.89,4.7
209,280.0,45.7,12.6,22.4,14.9
210,253.0,48.0,14.1,18.5,12.6
211,251.0,45.8,15.5,19.7,10.9
212,260.0,47.7,14.4,16.8,13.9
213,245.0,46.2,16.9,18.8,10.0
214,247.0,50.2,15.2,15.1,13.1
215,91.7,77.9,3.13,12.5,2.7
216,241.0,48.4,7.0,27.8,10.3
217,211.0,52.7,5.31,28.0,7.6
218,211.0,54.7,17.6,7.98,10.6
219,166.0,61.2,9.71,16.7,5.6
220,204.0,54.6,12.5,20.8,7.1
221,209.0,55.5,16.0,8.15,11.0
222,197.0,61.7,10.2,13.3,10.2
223,204.0,60.6,16.8,6.08,12.0
224,170.0,62.6,13.1,8.36,8.1
225,180.0,62.5,15.1,7.72,9.1
226,139.0,67.5,11.5,7.01,5.8
227,226.0,49.3,8.93,29.6,7.64
228,274.0,53.2,8.96,21.0,16.8
230,182.0,62.6,8.83,19.1,7.5
231,150.0,66.0,4.83,20.7,5.02
232,216.0,57.4,5.0,21.8,11.7
233,218.0,45.3,10.3,28.0,6.69
234,289.0,50.5,10.3,20.7,18.0
235,241.0,54.3,5.5,20.0,14.3
236,227.0,45.0,10.3,27.2,8.03
237,170.0,62.5,8.0,14.3,8.5
238,158.0,63.7,12.7,16.0,4.5
239,248.0,48.2,10.4,26.5,10.7
241,231.0,48.3,10.1,26.7,8.78
242,245.0,49.5,10.7,26.9,9.96
243,214.0,51.8,8.48,25.7,8.0
245,267.0,42.6,13.1,28.2,10.5
246,233.0,47.5,10.7,27.3,8.39
249,205.0,54.4,9.54,25.7,6.66
250,149.0,65.5,6.02,17.7,5.75
251,300.0,40.3,8.81,31.8,14.8
252,159.0,69.4,8.3,16.6,6.3
253,243.0,54.5,5.76,21.6,14.3
254,215.0,55.3,8.53,21.0,10.5
256,218.0,58.4,5.17,19.3,12.8
257,209.0,56.8,12.7,15.2,9.8
259,218.0,54.8,12.3,14.1,12.2
262,267.0,51.9,8.11,22.7,15.6
263,172.0,63.4,5.5,18.5,7.7
267,244.0,51.7,7.08,22.2,13.6
268,306.0,39.4,8.15,30.9,16.0
271,215.0,48.3,9.95,27.5,6.68
273,240.0,47.0,12.2,25.7,9.43
275,306.0,34.4,9.53,38.8,11.8
277,278.0,44.5,10.9,26.3,13.8
278,246.0,46.1,13.3,28.3,8.44
279,267.0,46.3,13.7,23.1,12.9
280,299.0,43.8,15.5,21.5,16.7
281,263.0,46.1,12.2,26.7,11.5
282,233.0,51.8,15.2,17.4,10.9
283,246.0,48.1,15.0,23.6,9.8
284,274.0,43.0,10.3,32.0,11.3
285,243.0,46.6,14.2,27.2,8.35
286,222.0,49.1,10.1,30.9,5.98
287,247.0,43.3,10.0,36.3,6.35
288,285.0,41.3,13.3,26.9,13.1
289,265.0,37.4,11.5,40.8,5.6
290,198.0,54.6,8.87,25.0,6.03
291,249.0,49.0,12.7,23.8,11.0
292,215.0,51.1,7.95,30.3,6.48
293,285.0,39.3,9.93,33.7,11.5
294,339.0,32.9,11.9,34.3,16.7
295,298.0,39.8,10.1,32.1,13.9
296,383.0,26.6,13.7,32.0,21.6
297,286.0,37.5,12.2,32.7,10.9
298,243.0,46.6,14.2,27.2,8.35
299,233.0,55.1,9.09,17.8,13.3
300,221.0,52.0,6.54,30.0,7.9
301,255.0,44.9,12.4,30.6,8.82
302,247.0,47.7,8.52,30.9,9.47
303,267.0,44.0,12.0,30.1,10.6
304,282.0,40.2,13.1,31.0,11.4
305,379.0,28.0,12.5,33.2,21.4
306,264.0,50.7,13.7,16.9,15.5
307,277.0,41.4,11.2,31.4,11.6
308,267.0,45.0,11.7,25.1,12.4
309,273.0,44.2,11.3,26.8,12.9
314,321.0,42.2,11.6,25.6,18.4
315,230.0,55.2,9.33,16.5,13.7
316,255.0,48.3,6.55,26.5,13.0
317,149.0,64.6,5.9,28.0,1.4
319,302.0,46.0,8.25,28.1,17.1
320,348.0,37.1,9.59,25.9,22.6
321,292.0,46.8,6.12,23.5,18.9
322,243.0,54.0,7.9,19.2,14.6
323,103.0,73.9,4.57,16.6,1.82
324,216.0,54.8,6.48,21.1,11.2
325,187.0,65.1,12.2,8.48,11.5
326,206.0,63.1,6.72,13.4,13.8
327,290.0,48.6,8.46,25.7,16.7
328,238.0,55.9,18.7,10.0,13.5
329,255.0,56.2,10.4,12.3,18.1
330,342.0,27.0,10.4,33.5,17.0
331,215.0,60.2,3.25,19.6,13.4
332,301.0,45.0,8.39,26.1,17.8
333,249.0,55.0,6.42,18.4,16.3
334,197.0,57.1,8.06,20.9,8.1
335,237.0,53.6,6.88,22.6,12.7
336,213.0,55.0,7.44,23.7,9.2
338,205.0,70.3,1.56,0.83,20.6
339,16.4,95.4,1.0,1.63,0.5
340,40.2,88.1,0.63,7.59,0.5
341,21.7,92.6,2.37,1.88,0.23
343,30.0,90.7,1.13,4.33,0.5
344,26.2,92.9,1.81,2.13,0.7
345,15.6,96.0,0.64,2.54,0.11
346,16.5,94.7,1.23,1.8,0.26
348,17.6,93.4,0.63,2.41,0.5
349,20.2,94.3,1.19,2.83,0.5
350,21.8,92.9,1.0,2.63,0.5
354,32.3,87.6,1.49,4.9,0.25
357,14.5,95.5,0.94,1.53,0.5
358,19.3,94.1,0.86,2.49,0.26
362,29.3,88.8,1.38,3.98,0.5
363,28.0,93.9,2.62,3.15,0.36
371,34.0,89.4,1.97,4.35,0.17
377,26.0,93.0,0.81,3.43,0.5
378,36.6,90.2,1.06,5.98,0.5
379,29.2,91.4,0.94,5.52,0.3
382,63.6,82.3,1.81,12.2,0.5
383,16.8,93.7,2.0,0.5,0.5
384,65.1,85.2,2.26,5.71,2.65
385,33.1,88.7,2.28,2.3,0.78
386,24.5,89.6,3.16,0.1,0.54
390,25.5,89.2,3.06,1.5,0.36
391,36.5,90.0,1.38,4.63,0.6
393,17.9,95.6,1.25,1.78,0.5
394,105.0,70.2,6.84,15.3,0.86
403,23.2,92.9,2.0,2.45,0.3
404,31.6,90.3,3.13,3.03,0.43
405,25.3,92.1,2.3,2.45,0.4
410,30.7,91.9,0.94,4.73,0.3
412,33.7,90.1,1.31,5.62,0.5
414,58.3,80.6,1.54,10.1,0.4
416,19.8,94.4,0.5,3.23,0.5
419,35.1,89.8,2.52,5.08,0.2
427,14.7,96.3,0.56,2.23,0.5
431,15.9,93.2,1.8,0.83,0.25
438,26.7,93.2,1.42,3.35,0.29
440,36.3,90.3,1.31,5.63,0.4
441,37.8,89.0,1.19,6.39,0.5
442,34.1,89.2,1.44,4.69,0.44
447,18.3,93.7,2.06,0.85,0.4
449,20.3,94.1,0.5,3.59,0.5
454,17.9,94.8,1.13,2.58,0.3
455,14.3,95.8,1.13,1.03,0.5
457,20.1,94.6,0.5,3.03,0.5
464,42.8,88.3,1.44,7.13,0.4
465,14.7,95.3,0.7,1.23,0.5
467,21.9,93.0,0.67,3.4,0.2
468,18.9,93.0,0.55,2.6,0.1
469,24.9,91.1,1.87,2.56,0.29
472,20.9,93.7,1.6,1.6,0.46
474,15.5,93.8,0.93,1.4,0.36
479,29.4,89.3,2.0,3.0,0.17
482,81.5,79.5,5.12,10.7,0.8
487,18.3,94.4,1.07,1.89,0.28
489,40.4,87.0,2.32,5.59,0.28
491,23.1,92.6,1.33,2.07,0.31
493,106.0,75.4,2.82,18.4,1.68
495,99.2,72.0,4.4,17.1,0.53
496,36.3,91.4,1.95,5.1,0.19
497,47.3,81.4,2.63,3.24,0.3
500,13.1,95.0,0.63,1.38,0.15
501,19.4,92.9,2.23,0.7,0.37
505,49.0,87.4,2.51,7.39,0.33
509,28.7,91.1,2.17,3.0,0.47
512,18.0,94.0,1.61,1.05,0.22
514,38.4,88.4,4.44,4.53,0.6
515,67.8,80.2,1.32,13.4,0.3
519,26.0,90.5,1.8,2.31,0.5
520,25.2,91.3,1.2,3.02,0.5
523,26.1,93.0,1.2,3.63,0.5
524,47.1,85.6,1.4,7.54,0.4
528,32.9,90.3,0.58,4.52,0.68
529,60.9,83.5,1.56,12.3,0.22
531,30.5,90.9,2.25,3.39,0.3
539,61.8,86.0,1.94,4.25,3.4
542,31.5,90.1,0.88,5.06,0.3
544,92.8,74.3,3.73,17.0,0.29
545,54.5,86.4,3.48,6.8,0.28
547,18.6,94.9,1.44,1.63,0.3
551,31.1,92.0,0.88,4.13,0.6
552,35.8,91.5,3.0,2.03,0.8
553,44.8,87.3,1.31,7.05,0.5
554,30.7,90.9,1.06,5.24,0.5
555,44.4,89.6,1.44,4.57,1.6
556,26.6,92.7,2.69,1.73,0.3
557,33.8,91.0,1.31,3.83,0.3
558,16.9,95.2,0.88,1.43,0.3
559,23.5,92.9,2.5,1.23,0.4
560,23.1,93.8,2.19,1.03,0.5
561,37.6,89.4,4.13,2.53,0.7
562,35.7,89.2,0.75,6.33,0.3
563,31.6,90.1,0.5,5.73,0.3
564,41.6,87.7,0.63,7.33,0.3
565,23.5,92.9,1.0,3.23,0.3
566,45.4,85.5,3.19,5.4,0.3
567,34.9,89.1,1.19,5.7,0.3
568,21.6,92.7,1.63,1.83,0.3
569,30.1,91.1,2.56,3.41,0.3
570,23.0,93.1,1.5,3.13,0.3
571,16.7,94.3,0.75,2.48,0.3
572,26.2,91.0,0.94,4.32,0.3
573,23.5,93.7,1.13,4.38,0.3
574,13.7,95.1,0.5,1.94,0.3
575,34.6,89.6,2.19,4.45,0.3
576,28.0,90.8,1.75,3.39,0.3
577,21.1,94.2,0.75,3.23,0.3
578,40.2,88.1,1.56,6.73,0.3
579,27.6,91.2,1.13,3.56,0.3
580,42.4,87.9,1.69,7.55,0.3
581,90.8,73.6,1.94,16.6,0.5
582,80.3,77.4,6.38,9.93,0.6
583,27.4,91.6,2.56,2.23,0.3
584,35.8,90.5,1.0,5.33,0.6
585,35.7,89.8,0.94,6.53,0.3
586,28.6,92.4,1.25,3.53,0.3
587,38.2,88.9,1.06,6.88,0.3
588,30.2,90.7,0.5,5.66,0.3
589,57.9,82.8,2.63,9.29,0.3
590,25.3,92.6,1.0,3.53,0.4
591,66.9,81.5,2.0,12.3,0.4
592,28.1,91.9,3.38,0.85,0.7
594,43.5,88.3,2.11,5.81,0.3
595,50.8,85.7,2.13,9.11,0.5
601,316.0,9.5,9.58,63.9,0.99
602,187.0,60.4,4.27,13.4,11.7
639,17.7,94.1,1.69,1.7,0.3
640,22.2,93.4,0.63,3.5,0.3
641,354.0,11.0,0.19,87.8,0.02
642,91.9,75.4,1.96,20.1,0.1
643,80.5,78.3,1.8,16.7,0.34
644,545.0,1.4,5.67,51.1,34.3
646,80.5,79.0,2.16,16.2,0.18
647,59.9,84.3,1.47,11.7,0.34
648,181.0,61.0,2.76,24.9,7.22
650,137.0,69.9,2.5,17.3,5.7
651,372.0,6.21,10.6,69.4,3.97
652,97.9,77.8,1.92,10.2,5.18
653,88.9,77.0,1.89,14.2,2.4
654,67.3,82.8,2.63,12.1,0.53
655,285.0,49.0,4.62,25.6,17.7
656,302.0,43.5,4.5,30.2,17.7
657,361.0,5.09,8.04,76.1,0.46
658,76.4,79.9,1.88,15.9,0.3
659,174.0,59.9,3.25,25.3,5.8
660,89.4,74.9,2.5,18.5,0.13
661,156.0,63.3,2.81,23.0,4.8
662,76.1,79.7,1.81,15.7,0.5
663,71.6,79.9,1.84,14.9,0.1
664,213.0,51.1,3.75,32.6,6.6
665,285.0,42.5,3.28,39.4,11.9
666,218.0,51.5,3.44,29.5,8.5
667,191.0,56.9,2.81,28.5,6.6
669,570.0,1.4,5.62,49.8,37.6
670,463.0,1.3,6.58,62.1,19.8
671,182.0,61.4,2.38,22.5,8.3
672,178.0,65.5,2.8,23.2,7.72
673,135.0,69.1,2.32,20.9,4.2
674,154.0,67.9,2.41,23.4,5.09
675,254.0,49.5,3.5,34.0,10.8
677,91.8,78.7,2.11,12.7,3.25
678,93.2,76.4,2.01,17.2,1.37
679,86.3,78.8,1.51,18.3,0.15
680,62.8,78.0,1.69,12.2,0.15
682,81.9,80.2,1.8,16.0,0.7
683,60.7,80.1,1.94,11.5,0.31
684,125.0,67.3,0.79,28.9,0.18
685,107.0,70.6,1.5,22.8,0.2
686,131.0,63.8,0.52,29.5,0.11
687,111.0,69.6,1.53,23.8,0.17
688,109.0,70.1,1.49,23.6,0.14
689,157.0,59.7,1.31,36.3,0.29
690,132.0,65.2,0.69,32.0,0.043
691,105.0,70.7,1.07,22.2,0.23
692,131.0,61.3,9.63,13.7,0.5
693,82.9,77.9,8.06,9.35,0.8
694,112.0,66.9,6.75,12.0,1.1
695,116.0,65.0,9.63,12.3,0.6
698,147.0,62.0,8.31,17.7,3.0
702,112.0,66.9,6.75,12.0,1.1
709,127.0,64.8,10.1,16.2,0.58
730,45.9,87.1,0.81,9.01,0.5
731,54.4,85.5,0.5,11.7,0.5
732,90.5,75.8,1.06,19.7,0.5
734,55.7,85.7,0.81,13.0,0.3
735,27.6,91.3,0.5,1.56,0.5
737,69.4,80.2,1.19,13.5,0.5
738,38.6,90.3,0.63,6.03,0.5
739,49.2,86.8,1.19,5.83,0.8
740,101.0,73.6,2.13,10.9,3.0
741,80.6,79.4,1.44,14.3,1.2
742,68.5,82.1,1.56,7.06,0.7
744,60.5,83.5,0.88,11.0,0.6
745,81.0,80.5,1.13,16.1,0.5
746,47.3,87.0,0.81,9.17,0.5
747,73.9,81.1,0.63,14.3,0.5
748,62.7,84.2,1.13,14.8,0.5
749,76.9,78.1,0.63,18.0,0.5
750,57.7,84.2,0.87,10.6,0.33
751,47.3,86.1,1.13,6.53,0.7
753,45.5,87.3,0.75,8.03,0.5
754,42.2,88.8,0.75,8.53,0.3
755,38.9,91.0,0.69,8.33,0.5
758,39.8,89.3,0.5,8.02,0.5
759,71.3,80.1,0.94,16.4,0.5
761,73.4,80.9,0.75,16.6,0.5
769,68.6,81.8,0.88,14.3,0.3
770,40.2,86.3,1.13,3.14,0.3
776,54.9,85.5,0.5,11.7,0.5
778,79.1,79.4,0.75,16.9,0.5
783,53.9,85.3,0.5,11.4,0.5
784,51.5,85.8,0.5,10.7,0.5
790,51.3,86.6,0.69,11.3,0.5
791,51.8,86.5,0.81,11.4,0.5
795,53.1,85.3,0.5,11.4,0.5
796,54.1,84.7,0.5,11.5,0.5
797,51.8,86.4,0.5,11.2,0.5
798,54.5,85.5,0.5,11.9,0.5
799,60.1,83.6,0.5,12.8,0.5
800,47.2,87.6,0.69,9.48,0.5
801,46.1,87.6,0.63,9.63,0.5
802,46.3,87.8,0.69,9.8,0.5
807,57.1,85.1,0.5,12.8,0.5
808,90.1,76.7,0.69,20.0,0.5
811,59.5,84.5,0.7,11.6,0.26
812,102.0,72.9,0.23,24.4,0.21
814,102.0,73.1,0.5,23.9,0.092
815,66.0,82.9,0.5,15.3,0.08
818,65.1,82.9,0.5,15.1,0.08
820,58.9,84.2,0.5,13.4,0.3
824,80.1,78.9,0.25,18.6,0.15
825,56.4,85.1,1.13,11.7,0.3
843,64.9,82.3,0.5,13.9,0.4
845,239.0,24.7,2.88,59.1,0.5
848,229.0,34.9,1.63,55.4,0.4
849,321.0,16.0,3.0,73.2,0.9
850,389.0,11.7,2.19,69.5,10.5
854,333.0,14.6,0.5,76.4,1.0
855,200.0,39.3,2.31,51.1,0.4
897,88.8,77.1,0.75,19.3,0.5
898,71.8,81.3,0.94,15.1,0.3
899,40.0,88.6,0.56,7.88,0.3
915,548.0,5.3,16.6,27.1,39.6
941,532.0,6.1,12.5,31.8,37.2
945,606.0,1.7,17.4,21.3,48.1
946,617.0,1.3,17.4,23.5,49.0
947,428.0,6.6,5.8,70.3,13.5
951,419.0,7.77,34.5,20.8,19.2
952,147.0,61.9,5.54,27.4,0.9
953,146.0,67.5,4.78,18.8,4.3
954,164.0,66.9,3.5,21.4,6.9
955,157.0,60.4,3.21,32.6,1.0
956,144.0,63.9,2.92,31.8,0.41
957,146.0,63.5,2.95,31.7,0.56
958,141.0,63.1,3.45,28.2,0.69
959,101.0,73.9,3.8,19.7,0.34
960,142.0,64.7,2.92,30.5,0.7
961,116.0,71.1,2.74,24.4,0.6
963,118.0,68.8,2.26,24.4,0.44
964,115.0,71.4,3.51,22.4,1.0
965,148.0,61.6,4.66,27.9,1.1
966,77.5,79.9,1.38,16.9,0.3
967,156.0,60.6,4.56,31.0,1.0
968,110.0,71.5,3.73,21.7,0.5
969,125.0,68.3,3.99,25.0,0.55
970,166.0,59.1,5.76,32.0,1.3
971,132.0,68.1,4.57,23.0,2.0
972,162.0,60.1,3.09,34.4,1.1
973,127.0,67.5,4.55,23.4,0.9
974,169.0,58.0,3.15,36.6,0.8
975,164.0,56.8,11.7,25.1,0.8
976,89.1,77.8,1.43,20.1,0.5
977,61.1,84.4,0.57,14.4,0.1
979,177.0,55.5,5.01,33.6,2.05
980,181.0,54.8,6.34,34.0,7.88
981,75.4,79.6,2.04,14.0,0.48
982,340.0,11.0,14.6,59.5,2.43
983,337.0,11.1,14.5,59.5,2.13
985,209.0,47.8,7.49,41.4,1.27
986,340.0,10.7,12.1,62.4,2.24
987,355.0,8.81,13.7,67.7,1.83
988,350.0,12.5,7.04,78.0,0.91
989,354.0,11.3,7.11,78.6,0.98
990,349.0,12.6,7.02,71.4,2.8
991,342.0,11.5,11.1,69.2,0.94
992,350.0,12.4,7.97,70.6,3.0
993,351.0,12.4,7.67,77.8,0.84
995,353.0,12.2,7.14,78.1,1.0
996,346.0,13.6,8.1,67.2,3.7
997,374.0,8.22,16.9,55.7,6.9
998,330.0,9.44,12.5,56.2,2.3
999,343.0,10.1,9.91,68.6,1.16
1000,356.0,8.69,11.0,64.3,4.21
1001,354.0,13.3,13.2,58.1,6.07
1002,365.0,11.3,13.5,58.6,7.02
1003,349.0,12.4,10.6,65.4,3.46
1004,356.0,10.1,12.9,64.6,3.55
1005,331.0,10.7,9.83,61.0,1.97
1006,348.0,12.1,10.9,71.6,1.25
1007,120.0,69.6,3.42,24.0,0.8
1009,350.0,12.6,7.88,74.0,1.8
1010,360.0,8.56,12.0,72.7,1.45
1011,348.0,9.05,11.5,66.8,1.71
1012,331.0,17.1,11.5,65.8,1.79
1014,377.0,9.01,14.0,68.0,4.72
1016,350.0,11.0,11.8,67.6,2.2
1018,363.0,9.5,7.44,80.5,1.0
1019,344.0,13.1,0.57,84.7,0.14
1022,321.0,11.3,9.62,55.8,2.25
1023,273.0,30.0,8.21,54.4,1.61
1024,284.0,27.5,8.27,58.3,1.4
1025,258.0,34.4,7.41,53.1,1.3
1026,276.0,28.6,8.15,56.6,1.0
1027,262.0,30.2,8.6,54.0,0.33
1028,263.0,36.9,7.9,52.0,2.0
1029,254.0,34.5,8.68,49.9,1.19
1030,250.0,34.2,7.52,50.0,1.3
1031,241.0,36.6,8.38,44.3,1.8
1032,259.0,35.4,8.51,43.7,4.06
1033,275.0,34.3,6.84,46.0,5.5
1034,271.0,34.4,8.81,43.6,5.41
1035,246.0,33.3,8.03,44.4,2.6
1036,257.0,32.8,8.27,51.5,1.0
1037,260.0,33.8,2.62,51.8,3.3
1038,276.0,26.9,8.3,56.5,1.3
1039,269.0,30.9,7.66,55.9,1.1
1040,256.0,34.1,7.53,53.0,0.92
1041,275.0,33.3,7.13,52.3,3.6
1042,268.0,34.8,7.52,49.5,3.8
1043,306.0,28.3,7.87,52.4,6.5
1044,265.0,33.2,9.58,46.9,3.2
1045,212.0,45.6,12.5,32.9,1.87
1046,224.0,42.3,10.6,39.6,1.88
1047,269.0,34.3,9.26,47.3,3.98
1048,290.0,30.9,9.07,49.7,5.35
1049,253.0,33.9,7.81,52.1,0.9
1050,237.0,37.3,7.98,46.7,0.9
1052,327.0,21.5,9.18,54.6,7.1
1053,313.0,26.0,9.06,54.7,5.8
1054,323.0,26.0,8.34,52.1,8.2
1056,313.0,19.6,9.46,64.0,1.3
1057,405.0,2.8,9.8,76.6,5.9
1059,401.0,3.98,10.4,74.0,5.88
1060,393.0,5.1,11.8,66.7,7.22
1061,388.0,4.2,11.7,67.0,6.17
1063,384.0,4.8,7.32,80.5,3.0
1064,392.0,2.45,8.43,82.4,2.5
1066,401.0,3.13,9.76,74.4,6.16
1067,415.0,4.45,10.6,70.8,9.19
1068,398.0,5.5,8.89,68.5,8.25
1070,375.0,6.4,9.97,73.7,3.57
1071,394.0,5.8,10.5,66.4,8.0
1072,397.0,6.7,7.98,70.8,8.0
1073,415.0,3.0,11.1,68.8,9.3
1075,492.0,3.6,8.38,59.1,24.1
1076,369.0,7.29,11.6,70.0,3.77
1077,429.0,2.48,12.7,65.3,11.8
1078,492.0,3.4,8.81,58.9,24.1
1079,485.0,2.95,11.0,52.6,23.8
1080,417.0,3.32,10.2,60.0,12.3
1081,418.0,2.0,3.0,85.4,6.5
1082,508.0,3.5,3.1,63.7,26.6
1083,495.0,2.6,6.56,59.5,24.7
1084,484.0,3.0,4.25,60.5,24.1
1085,379.0,2.9,11.2,74.4,3.13
1087,486.0,1.78,9.2,60.3,22.3
1088,489.0,1.81,6.96,62.1,23.0
1089,537.0,1.65,13.8,46.3,32.2
1090,499.0,0.89,10.5,59.0,23.9
1091,410.0,4.05,6.53,73.1,9.33
1092,487.0,2.33,13.3,54.8,22.9
1093,521.0,1.85,4.63,59.1,28.8
1095,509.0,2.15,12.3,53.7,26.5
1097,348.0,12.7,0.0,86.3,0.2
1098,364.0,10.1,13.3,57.9,6.51
1099,340.0,12.4,9.61,68.6,1.5
1100,339.0,10.7,11.4,64.9,1.52
1101,341.0,13.2,13.6,67.6,1.0
1102,346.0,12.5,9.03,73.7,1.0
1104,352.0,11.3,9.06,75.9,0.82
1105,352.0,10.7,9.95,73.2,1.18
1106,347.0,10.8,11.4,64.0,3.0
1107,362.0,9.26,0.43,89.2,0.25
1108,355.0,11.4,7.62,73.9,2.5
1109,311.0,10.8,15.9,44.8,2.22
1110,342.0,12.0,8.12,70.7,1.37
1111,341.0,9.9,7.24,70.9,1.12
1112,348.0,12.1,11.5,68.4,2.19
1113,361.0,10.5,6.23,78.1,2.1
1114,336.0,13.1,9.91,64.5,2.3
1115,350.0,10.3,10.2,63.2,4.1
1116,359.0,10.3,22.4,47.0,6.69
1117,446.0,5.13,35.8,22.9,21.4
1118,342.0,14.2,0.6,85.0,0.0
1119,276.0,36.2,7.71,44.6,7.01
1120,375.0,28.6,5.35,43.6,19.5
1121,503.0,4.9,7.47,58.3,26.4
1124,494.0,3.9,7.58,61.1,23.9
1125,375.0,29.5,5.41,41.4,20.4
1126,399.0,31.8,3.28,33.3,27.4
1127,528.0,3.94,7.19,54.1,31.0
1128,366.0,30.9,5.6,39.7,20.1
1130,507.0,7.15,4.61,57.0,28.7
1131,376.0,2.3,6.16,82.4,1.76
1133,505.0,3.4,5.7,64.4,24.6
1135,289.0,32.6,7.1,50.8,6.0
1137,469.0,7.2,6.2,63.0,20.9
1140,321.0,25.2,7.75,55.3,7.1
1141,173.0,64.2,28.1,0.26,6.55
1142,195.0,62.6,26.0,0.027,10.1
1143,182.0,63.5,27.2,0.24,8.04
1144,166.0,65.5,27.6,0.28,5.96
1145,198.0,62.3,25.5,0.1,10.7
1146,240.0,55.7,32.1,0.0,12.4
1149,182.0,64.3,27.1,0.0,8.17
1150,269.0,48.9,37.3,0.0,13.3
1160,117.0,72.5,21.9,0.3,3.16
1165,155.0,68.9,25.5,0.0,5.85
1166,210.0,61.2,26.1,0.0,11.8
1167,239.0,59.1,23.6,0.0,16.1
1168,265.0,56.7,23.0,0.14,19.2
1169,231.0,60.0,23.8,0.0018,15.1
1170,251.0,51.8,36.8,0.2,11.4
1172,156.0,69.4,25.1,0.0,6.24
1177,201.0,60.7,23.4,0.5,11.7
1178,143.0,67.0,28.1,0.0,3.39
1181,169.0,63.7,29.0,0.74,5.55
1185,240.0,57.5,27.1,0.0,14.7
1187,253.0,54.7,30.0,0.0,14.8
1188,211.0,58.9,29.6,0.0,10.3
1190,206.0,57.5,34.1,0.6,7.45
1191,198.0,59.7,28.3,0.0,9.39
1193,205.0,59.3,29.1,0.24,9.78
1194,163.0,63.8,30.5,0.65,4.31
1195,333.0,49.4,23.1,0.13,26.6
1196,295.0,51.5,26.2,0.1,21.2
1198,213.0,62.2,25.9,2.0,11.3
1199,213.0,59.7,28.9,2.1,9.88
1200,171.0,66.9,24.8,0.0,8.03
1201,141.0,67.5,30.1,0.0,2.0
1202,188.0,64.3,24.8,0.7,9.52
1203,188.0,64.1,26.1,0.55,9.1
1204,189.0,62.4,29.8,0.0,7.78
1205,247.0,59.4,23.8,0.0,16.9
1206,144.0,67.5,31.1,0.0,1.8
1207,151.0,66.7,29.1,0.0,3.84
1208,124.0,66.3,28.5,0.0,1.09
1209,128.0,67.9,24.6,0.5,3.04
1211,169.0,65.9,26.8,0.0,6.85
1212,252.0,53.7,30.5,0.1,14.5
1213,197.0,63.3,24.9,0.0,10.8
1216,185.0,64.1,26.1,0.0,9.01
1217,153.0,68.3,26.1,0.0,5.45
1221,157.0,67.7,26.3,0.0,5.78
1222,208.0,60.5,28.1,0.011,10.6
1223,157.0,67.7,26.3,0.0,5.78
1224,150.0,65.2,30.2,0.0,3.19
1225,153.0,63.9,28.3,0.0,4.38
1226,150.0,65.2,30.2,0.0,3.19
1227,152.0,64.4,29.6,0.0,3.74
1228,239.0,54.2,32.4,0.0,12.1
1229,217.0,61.6,25.1,0.0,13.0
1230,138.0,68.6,28.0,0.0,2.85
1236,136.0,68.2,27.1,0.0,3.03
1237,197.0,58.8,30.4,0.0,8.41
1238,167.0,68.2,20.5,0.5,9.2
1239,164.0,61.4,33.0,0.0,3.51
1240,221.0,58.7,29.0,0.0,11.7
1241,206.0,60.5,26.8,0.0,10.9
1242,331.0,51.8,19.0,0.0,28.4
1243,194.0,63.1,23.3,0.0,11.2
1245,230.0,57.2,29.0,0.0,12.7
1246,298.0,52.0,25.2,0.0,21.9
1247,213.0,62.0,23.9,0.0,13.0
1248,168.0,67.1,26.2,0.0,7.07
1249,145.0,75.7,12.6,0.8,10.2
1250,174.0,73.8,12.4,0.05,13.8
1251,133.0,76.9,11.5,0.0,9.63
1253,177.0,64.9,26.4,0.1,7.92
1254,167.0,67.2,24.9,0.0,7.52
1255,179.0,64.2,25.0,1.93,7.91
1256,157.0,65.0,23.0,3.16,5.8
1257,165.0,64.1,26.3,2.2,5.71
1258,121.0,67.7,19.0,4.47,3.02
1259,164.0,65.4,25.8,0.0,6.4
1260,159.0,64.3,26.0,3.76,4.4
1261,160.0,66.8,24.5,0.8,6.51
1262,182.0,64.0,27.0,0.0,8.18
1263,237.0,64.1,21.0,0.0,17.0
1264,235.0,59.6,23.7,0.0,15.6
1265,227.0,59.7,22.8,0.0,15.1
1266,136.0,73.3,21.0,0.0,5.8
1267,161.0,67.8,26.1,0.0,6.31
1268,171.0,66.9,27.0,0.0,7.0
1269,144.0,68.7,25.4,0.0,4.7
1270,127.0,70.5,23.7,0.0,3.62
1271,167.0,67.7,26.0,0.0,7.0
1272,162.0,64.8,25.1,1.36,6.24
1273,149.0,63.4,32.4,0.0,2.1
1275,168.0,69.0,20.4,0.0,9.64
1276,201.0,65.8,19.0,1.45,13.2
1277,148.0,68.9,21.3,0.0,7.05
1278,231.0,62.5,19.4,0.0,17.1
1279,111.0,74.0,22.9,0.38,2.02
1280,152.0,70.5,22.3,0.6,6.74
1281,132.0,72.8,21.6,0.22,4.95
1282,287.0,58.2,18.4,0.0,23.7
1283,154.0,71.5,19.0,0.0,8.63
1284,136.0,73.2,22.3,0.4,5.02
1285,122.0,72.5,20.9,0.0,4.25
1286,116.0,74.8,23.1,0.57,2.34
1287,223.0,63.1,19.2,0.0,16.2
1288,118.0,74.5,21.8,0.0,3.36
1289,138.0,72.4,19.9,0.62,6.18
1290,114.0,70.9,22.5,0.4,2.5
1291,133.0,73.7,20.4,0.0,5.67
1293,198.0,66.7,20.1,0.78,12.7
1294,130.0,74.0,21.9,0.3,4.59
1295,171.0,69.5,20.0,0.05,10.1
1296,209.0,67.2,20.2,0.47,14.1
1297,249.0,61.9,17.3,0.0,20.0
1298,144.0,72.3,21.2,0.0,6.54
1299,203.0,65.0,21.5,0.23,12.9
1300,189.0,68.9,18.3,0.0,12.9
1301,145.0,74.1,19.5,0.4,7.25
1302,108.0,73.7,20.7,0.58,2.6
1303,111.0,75.4,21.8,0.0,2.58
1307,176.0,67.7,18.7,0.0,11.2
1308,145.0,66.5,27.3,0.0,3.96
1309,124.0,74.9,20.7,0.0,4.63
1311,118.0,75.4,21.3,0.0,3.66
1313,178.0,69.6,18.9,0.38,11.2
1314,253.0,59.8,17.0,0.0,20.5
1315,175.0,67.7,20.8,0.75,9.89
1316,187.0,67.7,19.9,0.0,12.0
1317,164.0,69.5,19.8,0.38,9.3
1318,149.0,71.2,20.2,0.0,7.56
1319,146.0,70.3,22.7,0.4,5.94
1320,117.0,74.4,21.2,0.0,3.6
1321,123.0,74.9,21.2,0.4,4.09
1322,153.0,70.1,22.3,0.5,6.86
1323,198.0,63.0,18.0,0.1,14.0
1324,237.0,61.9,18.0,0.6,18.0
1325,129.0,74.4,21.5,0.0,4.76
1326,744.0,16.1,4.51,0.1,80.6
1327,475.0,40.3,11.6,0.14,47.5
1328,187.0,68.7,18.9,0.23,12.3
1329,141.0,72.3,20.9,0.28,6.3
1330,148.0,72.2,20.2,0.28,7.31
1331,212.0,64.6,18.8,0.24,15.1
1332,293.0,60.1,17.3,0.26,24.7
1333,174.0,70.4,19.9,0.25,10.4
1334,323.0,55.9,15.9,0.22,28.7
1335,146.0,70.4,22.3,0.37,6.2
1336,192.0,69.2,17.3,0.0,13.5
1337,113.0,74.6,20.0,0.0,3.73
1338,123.0,72.1,21.2,0.0,4.3
1339,135.0,67.5,21.5,0.2,5.4
1340,173.0,68.1,20.2,0.3,10.1
1341,110.0,75.1,23.4,0.0,1.5
1342,116.0,76.2,19.7,0.0,4.12
1344,155.0,71.7,18.4,0.0,9.05
1345,181.0,66.9,20.4,0.0,11.0
1346,114.0,76.0,19.3,0.0,4.05
1347,157.0,69.7,21.1,0.0,8.08
1348,193.0,68.3,18.1,0.0,13.3
1349,173.0,69.9,19.1,0.0,10.6
1350,118.0,74.1,24.6,0.0,1.8
1351,113.0,73.8,25.2,0.0,1.0
1352,132.0,73.1,23.4,0.0,4.31
1353,110.0,75.4,22.4,0.8,1.88
1354,109.0,74.3,24.1,0.51,1.22
1355,150.0,73.4,19.8,0.0,7.85
1356,109.0,76.0,21.3,0.4,2.5
1357,192.0,66.5,20.2,0.0,12.3
1359,204.0,62.7,18.3,0.1,14.5
1363,368.0,50.2,14.4,0.0,34.5
1364,128.0,74.5,20.0,0.48,5.13
1365,170.0,70.2,18.3,0.45,10.6
1366,139.0,73.0,19.6,0.0,6.76
1368,236.0,63.8,17.5,0.0,18.4
1369,242.0,64.0,17.6,2.3,18.0
1370,276.0,59.3,16.9,0.0,23.1
1371,273.0,60.0,16.3,0.92,22.6
1372,205.0,66.5,16.3,1.38,15.0
1373,147.0,70.0,20.7,0.0,7.13
1374,111.0,73.3,21.6,0.0,2.67
1376,113.0,73.6,23.7,0.0,2.04
1377,127.0,72.2,23.3,0.0,3.78
1378,164.0,67.8,23.2,0.0,7.95
1379,167.0,70.0,18.8,0.6,10.0
1380,129.0,72.6,21.4,0.4,4.6
1384,103.0,75.8,20.6,0.0,2.31
1385,189.0,68.1,20.4,0.66,11.6
1386,108.0,74.5,21.8,0.0,2.32
1387,215.0,63.7,17.8,0.4,15.8
1388,124.0,73.7,20.9,0.0,4.51
1389,131.0,74.4,19.6,0.0,5.92
1390,183.0,63.2,21.8,0.0,10.6
1391,136.0,69.7,21.5,0.0,5.55
1392,126.0,70.0,22.5,0.5,3.81
1393,126.0,72.7,19.4,0.0,5.33
1395,284.0,58.6,17.4,2.75,22.6
1396,340.0,53.2,17.9,0.85,29.4
1397,155.0,68.3,22.6,0.0,7.12
1398,365.0,49.7,15.7,0.0,33.6
1399,222.0,64.7,18.9,0.7,16.0
1400,143.0,71.7,22.8,0.0,5.75
1401,107.0,75.3,25.1,0.0,0.7
1402,121.0,73.6,21.3,0.0,4.0
1403,159.0,71.1,20.2,0.0,8.7
1404,122.0,79.2,10.4,0.8,8.58
1405,124.0,78.4,10.3,0.0,9.21
1406,117.0,79.8,10.3,0.5,8.21
1407,103.0,79.0,18.5,0.7,2.95
1408,149.0,73.6,15.6,0.7,9.32
1409,135.0,74.5,16.7,0.4,7.44
1410,119.0,76.7,16.5,0.4,5.68
1411,109.0,77.4,17.1,0.4,4.33
1412,106.0,77.3,16.1,1.8,3.84
1413,148.0,71.2,21.8,2.92,5.45
1414,138.0,70.0,21.0,3.67,4.3
1415,120.0,71.6,15.5,5.64,3.4
1417,132.0,70.8,19.0,5.0,4.0
1418,121.0,74.5,18.8,1.1,4.62
1419,123.0,75.5,18.3,0.0,5.5
1420,127.0,72.7,20.6,1.85,4.2
1421,129.0,71.8,16.3,6.3,4.29
1422,131.0,71.8,18.7,3.5,4.62
1423,193.0,67.7,16.8,0.4,13.8
1424,151.0,71.9,17.0,0.9,8.84
1425,191.0,68.8,16.6,0.5,13.6
1426,167.0,71.0,15.4,1.75,10.9
1427,122.0,74.6,14.6,0.0,7.04
1428,96.6,76.6,17.4,0.0,3.02
1429,95.9,79.8,17.1,0.9,2.65
1430,97.9,79.1,16.4,1.1,3.13
1431,94.1,79.7,14.7,1.13,3.43
1432,86.1,78.0,16.0,0.2,2.36
1433,81.5,84.2,12.1,0.0,3.69
1434,82.1,80.5,19.5,0.8,0.12
1435,105.0,77.8,17.3,0.6,3.75
1436,238.0,58.5,19.7,1.47,17.1
1437,152.0,69.6,19.0,0.48,7.9
1438,161.0,70.1,19.9,0.0,9.08
1439,118.0,70.1,23.1,0.7,2.6
1440,135.0,73.2,20.0,0.79,5.8
1441,125.0,73.3,20.8,0.81,4.28
1442,137.0,72.2,20.2,0.91,5.82
1443,117.0,73.0,20.5,0.77,3.52
1444,238.0,58.4,21.6,0.3,16.8
1445,119.0,72.8,20.3,1.03,3.66
1447,125.0,72.3,19.5,1.7,4.5
1448,121.0,71.7,18.0,1.93,4.5
1449,137.0,71.5,19.4,0.55,6.3
1450,114.0,72.1,19.6,1.61,3.24
1451,182.0,66.0,20.3,1.4,10.6
1453,123.0,71.8,13.7,3.58,5.98
1456,162.0,65.5,23.2,0.4,7.52
1457,106.0,74.3,20.7,1.39,1.79
1458,104.0,74.0,20.9,1.29,1.67
1459,225.0,50.1,25.9,0.76,13.2
1460,246.0,55.8,24.2,0.98,16.1
1461,192.0,56.2,26.3,0.3,9.5
1462,142.0,63.9,27.7,0.1,3.4
1463,228.0,48.6,28.0,0.63,12.6
1464,230.0,53.2,28.7,0.48,12.6
1465,248.0,52.2,27.2,0.3,15.4
1466,235.0,54.1,30.4,0.76,12.3
1468,342.0,43.9,20.2,0.75,28.8
1469,418.0,30.0,24.2,2.41,34.5
1470,417.0,32.8,28.7,1.79,32.3
1471,366.0,36.9,27.7,1.65,27.6
1472,380.0,34.9,24.2,1.79,30.7
1473,451.0,26.2,27.3,1.7,37.1
1475,282.0,55.4,18.8,0.8,22.4
1476,274.0,54.9,18.8,0.0,22.1
1477,323.0,54.2,14.7,0.6,29.1
1478,273.0,59.2,15.4,5.25,21.2
1479,309.0,53.8,11.8,4.4,26.5
1481,397.0,43.7,16.0,1.0,36.6
1482,319.0,50.5,17.3,1.0,27.3
1483,323.0,49.6,15.2,0.0,29.1
1484,327.0,56.2,13.2,1.0,30.0
1485,253.0,62.2,15.8,1.0,20.6
1487,231.0,59.8,16.8,1.19,17.7
1488,236.0,64.0,14.0,1.82,18.9
1489,271.0,56.7,13.7,1.24,23.4
1490,316.0,56.2,13.5,2.5,28.0
1494,283.0,54.8,19.8,1.8,21.8
1496,374.0,50.7,11.7,0.9,35.9
1498,291.0,57.9,12.4,1.39,25.9
1499,290.0,59.5,12.7,1.46,25.9
1501,224.0,60.8,15.7,1.0,17.5
1504,281.0,55.8,17.3,0.88,23.0
1505,346.0,42.9,16.0,14.1,25.0
1506,356.0,46.7,14.0,7.42,30.0
1507,358.0,48.1,10.1,1.45,34.6
1509,323.0,52.2,15.5,1.5,28.2
1510,363.0,50.0,11.0,2.88,34.0
1511,320.0,50.7,13.2,4.44,27.1
1512,247.0,61.5,16.3,0.00027,20.2
1513,281.0,53.8,16.5,5.67,21.2
1515,329.0,50.8,12.6,5.93,28.1
1516,341.0,47.6,13.0,2.4,31.0
1517,355.0,50.7,10.8,2.91,33.3
1518,322.0,49.8,11.1,10.3,26.1
1519,287.0,56.5,12.0,3.39,24.9
1520,395.0,44.4,10.1,7.07,36.1
1521,269.0,59.8,13.8,1.96,22.9
1522,459.0,37.0,11.4,4.67,43.8
1523,325.0,51.2,13.6,4.61,27.9
1524,292.0,45.4,11.0,22.9,17.1
1525,390.0,46.3,14.3,0.2,36.9
1526,414.0,44.0,16.7,0.13,38.3
1528,420.0,40.0,15.6,4.7,37.6
1530,377.0,47.3,15.3,1.03,34.6
1531,364.0,48.9,14.9,0.99,33.4
1532,340.0,52.2,16.4,0.49,30.3
1533,165.0,68.8,3.52,15.6,9.5
1537,245.0,52.3,8.1,23.6,12.7
1541,273.0,49.7,25.7,0.15,18.8
1543,535.0,35.1,8.41,2.32,54.6
1544,482.0,40.8,5.75,2.1,50.0
1545,489.0,39.1,6.88,2.43,50.1
1546,479.0,38.5,6.39,2.0,49.5
1548,489.0,39.1,6.88,2.43,50.1
1549,279.0,57.0,15.2,1.57,23.4
1550,258.0,54.5,17.7,0.7,20.2
1552,193.0,52.2,14.1,17.8,7.0
1553,173.0,67.7,14.1,0.2,12.9
1554,185.0,74.7,8.22,1.02,16.3
1555,151.0,66.1,26.2,0.0,5.17
1556,211.0,60.5,18.4,0.3,15.1
1558,271.0,55.5,22.5,0.0,20.0
1560,227.0,63.0,18.8,1.0,16.3
1561,303.0,48.7,24.5,1.0,22.3
1562,254.0,59.9,19.7,0.5,19.0
1563,313.0,56.0,12.2,4.5,27.1
1564,246.0,61.8,11.9,3.78,20.3
1565,246.0,61.3,11.3,4.02,19.4
1569,227.0,58.8,11.3,4.8,17.8
1571,270.0,56.9,16.6,1.01,22.1
1572,303.0,53.9,15.6,0.79,26.1
1573,165.0,57.1,31.6,0.0,4.3
1574,324.0,48.2,23.8,2.0,24.5
1575,188.0,63.4,23.1,0.1,10.5
1576,228.0,61.3,22.5,0.6,15.1
1577,137.0,75.0,11.6,0.01,10.0
1578,268.0,56.5,16.8,0.75,22.0
1579,275.0,55.7,16.7,0.96,22.6
1580,261.0,54.6,14.7,0.8,22.1
1581,209.0,49.5,38.9,1.0,5.47
1584,433.0,34.0,23.5,3.05,36.1
1585,476.0,28.0,20.9,2.6,41.9
1586,322.0,43.6,22.6,2.1,23.9
1587,451.0,33.2,17.7,1.05,41.8
1588,400.0,36.2,22.6,1.6,33.7
1589,351.0,43.2,21.5,1.56,28.8
1590,459.0,36.8,17.0,1.35,42.9
1591,280.0,57.2,15.0,1.63,23.6
1592,322.0,52.1,13.8,1.3,29.0
1593,346.0,50.6,12.5,0.6,32.7
1594,288.0,57.3,13.7,0.6,25.6
1595,309.0,42.4,14.7,22.6,17.4
1596,278.0,61.1,11.9,1.56,24.8
1598,297.0,55.3,12.5,0.2,27.4
1599,305.0,55.1,15.0,1.4,26.7
1600,298.0,52.3,14.8,1.55,25.8
1601,297.0,52.3,16.4,0.7,25.4
1602,320.0,53.2,14.4,1.16,28.2
1604,242.0,50.2,29.7,4.13,11.1
1605,197.0,66.7,3.56,9.45,15.4
1606,226.0,60.4,13.4,5.69,16.3
1607,132.0,73.3,11.0,4.97,7.2
1608,243.0,47.7,27.1,7.53,10.5
1610,226.0,54.1,14.0,14.6,12.2
1611,217.0,62.0,18.5,5.65,13.3
1612,271.0,47.8,22.9,12.6,14.1
1613,260.0,55.6,14.4,7.78,18.6
1614,247.0,55.5,15.7,9.46,15.7
1615,195.0,64.2,18.6,0.8,13.0
1616,191.0,62.6,17.1,1.02,12.9
1617,208.0,63.4,19.7,1.02,13.8
1618,239.0,51.5,13.1,16.2,13.2
1619,112.0,72.8,12.6,2.54,5.1
1621,250.0,48.6,15.6,19.4,11.6
1622,213.0,60.2,22.4,2.1,12.6
1623,339.0,41.8,7.25,21.7,24.0
1625,205.0,62.6,23.0,0.0,12.5
1626,98.9,75.0,23.1,0.0,0.73
1627,162.0,67.7,18.1,0.0,9.9
1631,173.0,68.3,16.5,0.5,11.7
1645,178.0,63.1,22.0,0.91,9.49
1654,294.0,55.7,18.8,0.0,24.3
1655,97.0,76.8,22.6,0.0,0.73
1670,168.0,65.3,15.1,2.0,11.0
1674,213.0,60.7,22.1,0.0,13.8
1685,180.0,61.7,23.4,0.69,9.27
1795,110.0,73.0,20.2,3.22,1.77
1796,89.9,74.7,18.3,1.47,1.2
1797,93.8,74.9,19.0,1.87,1.16
1798,90.9,76.5,19.6,0.11,1.32
1799,108.0,74.1,17.2,5.12,2.09
1800,97.7,74.1,20.7,2.69,0.47
1802,124.0,72.3,19.5,1.79,4.29
1803,99.2,74.1,16.2,5.33,1.48
1804,73.5,81.6,16.3,0.56,0.7
1806,149.0,61.1,32.5,1.64,1.4
1807,104.0,74.0,18.9,3.06,1.76
1813,156.0,60.5,29.8,4.4,2.08
1815,173.0,64.5,17.9,8.45,7.48
1816,80.0,78.8,16.6,0.23,1.4
1818,77.0,80.9,14.4,2.17,1.19
1819,83.0,79.3,17.0,0.78,1.31
1820,77.9,79.1,16.1,1.29,0.92
1821,85.5,77.9,17.9,0.94,1.15
1822,67.2,83.3,8.64,3.86,1.91
1823,71.8,82.7,11.2,2.69,1.82
1824,86.9,78.6,17.7,1.07,1.34
1825,76.3,80.6,16.2,0.51,1.05
1826,80.5,81.1,11.5,2.66,2.65
1827,60.1,85.4,12.9,0.97,0.5
1828,131.0,66.0,23.8,7.61,0.57
1829,99.0,74.3,19.7,3.21,0.84
1830,89.8,76.5,19.1,1.53,0.79
1831,68.7,83.7,10.7,2.77,1.67
1832,68.3,82.6,14.8,0.81,0.64
1833,67.2,83.3,8.64,3.86,1.91
1834,53.5,85.7,10.2,1.16,0.9
1836,104.0,75.7,19.5,0.027,2.86
1837,99.6,74.6,14.4,8.69,0.83
1838,83.6,78.7,17.9,1.15,0.84
1839,81.3,78.7,17.3,1.78,0.54
1841,92.3,76.3,21.9,0.0,0.53
1842,70.0,82.0,16.2,0.66,0.28
1844,243.0,59.9,13.9,0.3,20.7
1845,237.0,62.8,15.1,2.0,18.4
1846,199.0,63.5,16.4,1.65,13.8
1848,171.0,66.5,11.0,5.5,11.4
1849,188.0,68.4,8.4,6.5,14.0
1850,534.0,30.0,6.75,3.19,54.8
1851,252.0,51.5,8.69,21.2,14.4
1852,111.0,72.4,14.8,8.72,1.8
1853,282.0,44.6,10.9,29.0,13.6
1854,222.0,54.2,6.5,26.0,10.0
1855,102.0,75.1,14.6,5.93,2.2
1856,277.0,57.2,12.9,2.26,23.7
1858,275.0,49.5,12.4,15.1,17.6
1859,194.0,64.3,19.8,0.22,12.7
1860,246.0,59.9,19.7,0.55,18.3
1862,182.0,55.1,26.4,0.2,8.45
1863,242.0,58.5,13.4,8.86,16.8
1864,111.0,76.0,10.4,1.0,7.27
1866,211.0,64.7,13.7,8.0,13.8
1867,206.0,60.5,16.7,11.9,10.2
1868,167.0,70.1,13.0,3.99,11.0
1869,255.0,50.5,13.2,18.4,13.7
1870,162.0,64.8,11.0,16.1,5.73
1871,193.0,62.2,11.9,13.4,10.0
1872,207.0,60.5,24.4,0.49,12.0
1873,193.0,64.9,20.2,1.38,11.6
1874,111.0,72.7,26.8,0.0,0.4
1875,202.0,60.1,24.3,1.06,11.2
1876,125.0,72.5,8.31,11.8,4.92
1877,146.0,67.0,26.9,0.1,4.2
1878,165.0,64.0,30.0,0.0,5.06
1879,227.0,61.9,17.7,1.94,16.3
1880,217.0,61.7,20.8,1.09,14.2
1881,207.0,64.4,17.8,2.25,14.1
1882,180.0,68.5,20.5,1.5,10.2
1883,189.0,65.7,21.6,0.0,11.4
1884,190.0,62.6,12.6,13.0,9.57
1885,433.0,45.7,7.25,1.1,44.4
1888,192.0,59.3,31.3,1.01,6.95
1889,206.0,62.1,23.3,0.76,12.2
1890,128.0,68.5,26.6,0.58,1.98
1892,136.0,60.2,23.9,2.7,3.26
1893,213.0,61.4,21.5,0.62,13.9
1894,149.0,72.3,6.6,9.24,9.3
1897,227.0,60.9,23.4,0.0,14.8
1898,224.0,49.0,30.8,1.5,10.5
1899,47.3,87.8,10.3,1.12,0.17
1900,340.0,50.3,16.0,1.31,30.1
1901,134.0,76.5,13.5,0.52,8.62
1902,138.0,75.9,12.5,0.71,9.47
1903,142.0,76.0,12.2,1.08,9.82
1904,204.0,67.9,14.3,0.74,16.0
1905,145.0,76.4,9.99,1.62,11.0
1906,147.0,74.6,13.8,1.01,9.72
1907,140.0,76.3,12.7,0.27,9.83
1908,48.1,87.6,10.8,0.85,0.19
1909,307.0,55.0,15.5,1.09,26.7
1910,154.0,74.4,13.1,0.41,11.1
1911,181.0,70.8,13.0,1.31,13.8
1912,180.0,70.4,13.8,1.4,13.3
1913,166.0,72.5,13.7,1.13,11.9
1914,660.0,2.87,34.1,2.77,57.0
1915,356.0,5.8,81.2,7.73,0.0
1916,582.0,3.39,47.9,3.11,42.0
1917,255.0,58.5,17.7,2.56,19.3
1918,267.0,61.1,12.5,1.46,23.5
1919,125.0,79.0,8.09,2.28,9.2
1920,147.0,75.7,9.5,1.98,11.2
1921,165.0,67.8,5.56,11.7,9.9
1922,184.0,68.9,9.82,5.07,13.5
1923,143.0,62.8,18.6,7.03,2.9
1924,143.0,73.8,13.4,2.87,8.5
1925,158.0,70.3,14.9,2.91,9.5
1926,150.0,61.2,19.5,6.76,3.7
1927,178.0,58.9,17.6,8.19,7.0
1928,134.0,67.8,20.6,6.74,2.5
1929,65.4,87.5,3.32,4.85,3.63
1930,56.8,89.1,3.3,3.47,3.3
1931,46.9,89.4,3.38,4.8,1.52
1932,44.4,89.7,3.38,4.79,1.25
1933,47.6,89.4,3.38,4.82,1.59
1934,47.3,89.4,3.38,4.83,1.55
1935,46.7,89.4,3.19,4.9,1.54
1936,33.7,90.9,3.51,4.64,0.06
1937,34.8,90.8,3.28,4.99,0.19
1938,44.7,89.7,3.45,4.69,1.29
1939,56.4,87.0,3.39,4.35,2.83
1940,46.1,89.6,3.77,4.13,1.57
1941,57.7,88.7,3.22,4.01,3.2
1942,50.2,89.2,2.41,6.18,1.73
1943,103.0,82.2,5.68,4.5,6.97
1944,501.0,2.4,27.4,37.5,26.8
1945,123.0,74.5,6.44,9.91,5.9
1946,324.0,27.2,7.7,55.6,7.87
1947,461.0,2.47,31.5,43.4,17.5
1948,364.0,1.95,35.3,54.0,0.7
1950,73.9,82.4,2.98,11.6,1.4
1956,94.8,78.4,3.83,11.5,3.1
1958,97.5,78.0,3.57,13.0,3.01
1961,64.8,87.2,3.84,3.47,3.6
1963,69.4,85.7,3.84,4.99,3.4
1965,94.1,80.0,5.04,9.33,3.7
1967,73.8,86.2,4.15,1.12,5.2
1970,54.8,85.2,4.53,8.29,0.06
1971,89.3,79.8,3.42,12.2,2.6
1975,122.0,74.2,3.51,14.1,5.1
1976,39.3,88.5,4.21,3.72,0.3
1978,96.0,77.8,3.61,14.2,2.4
1979,109.0,77.1,2.42,14.5,4.28
1981,45.8,88.6,3.96,2.65,1.5
1982,39.8,88.9,4.82,4.1,0.064
1985,115.0,82.6,3.06,3.08,9.8
1986,84.6,80.2,3.48,12.5,1.95
1987,57.1,86.5,3.88,4.73,2.3
1988,69.7,84.0,3.65,7.47,2.5
1989,93.3,79.1,3.2,12.8,2.89
1990,98.9,76.3,7.46,11.5,2.29
1991,42.8,87.7,4.29,4.92,0.13
1992,93.4,79.0,3.24,12.9,2.81
1993,42.8,87.7,4.29,4.92,0.13
1994,93.5,78.8,3.24,13.0,2.83
1995,93.4,78.8,3.24,13.0,2.83
1996,89.5,79.5,3.32,12.4,2.63
1997,33.9,90.6,3.51,2.18,0.6
1998,56.0,88.3,3.38,1.99,3.2
2003,88.5,81.5,7.1,5.68,4.31
2007,84.5,84.7,4.47,3.57,5.5
2009,50.1,86.5,7.95,3.89,0.044
2011,77.5,83.7,8.03,3.46,3.26
2014,117.0,79.5,6.19,5.25,7.65
2025,93.2,78.8,6.7,9.34,2.8
2028,89.6,81.6,9.95,2.84,4.0
2030,150.0,76.0,9.7,3.17,10.4
2031,90.8,78.9,5.74,10.2,2.5
2033,79.4,80.0,3.64,12.4,1.3
2034,111.0,74.1,4.08,18.5,2.2
2036,92.1,77.2,2.55,16.7,1.3
2040,199.0,66.1,2.74,14.9,13.0
2041,146.0,67.1,3.81,24.8,3.4
2042,143.0,67.5,3.19,25.4,3.1
2043,126.0,71.9,3.38,17.4,4.66
2044,130.0,72.5,3.39,19.9,3.93
2045,150.0,65.8,5.42,21.3,4.4
2046,133.0,69.0,4.45,20.6,3.6
2047,176.0,66.5,4.32,19.4,8.88
2048,126.0,71.5,3.34,21.4,3.01
2049,272.0,54.7,4.46,16.6,20.8
2050,133.0,73.4,3.7,21.1,3.62
2051,129.0,70.1,4.98,19.8,3.31
2052,122.0,73.4,3.46,19.4,3.23
2053,53.6,85.4,6.25,5.51,0.3
2054,106.0,76.6,3.06,14.4,3.6
2055,133.0,72.5,3.42,17.9,5.1
2057,116.0,76.1,2.93,17.8,3.69
2058,118.0,75.9,2.92,18.6,3.47
2059,135.0,71.3,3.49,21.4,3.52
2060,138.0,69.0,3.25,21.8,3.42
2061,133.0,72.5,3.42,18.0,5.07
2062,330.0,39.2,4.57,31.7,20.3
2063,241.0,51.6,4.25,30.4,9.8
2064,207.0,55.4,2.17,34.4,6.5
2065,273.0,44.6,5.51,34.3,12.2
2066,150.0,68.0,2.85,27.4,3.03
2068,192.0,58.5,5.22,27.2,6.51
2069,147.0,72.3,1.5,16.0,8.1
2070,115.0,71.0,4.29,20.0,1.9
2073,218.0,53.7,6.0,29.0,8.45
2074,88.1,82.5,4.55,8.05,4.19
2075,120.0,69.7,3.79,18.0,3.6
2076,85.6,80.7,2.74,12.9,2.3
2077,43.3,90.7,3.76,2.05,1.9
2078,40.6,91.4,3.59,1.1,2.1
2079,76.8,81.8,3.31,11.0,1.7
2080,54.6,88.7,3.65,2.85,2.8
2081,93.8,77.5,3.25,15.3,1.9
2082,92.0,78.2,2.74,16.0,1.7
2083,146.0,71.7,1.66,15.8,8.0
2084,76.4,81.8,0.42,16.0,1.0
2085,262.0,48.1,6.69,24.3,14.0
2086,340.0,46.2,21.8,0.56,27.4
2104,322.0,50.6,20.6,0.0,26.5
2152,392.0,36.6,28.0,0.0,30.8
2195,190.0,68.7,10.1,4.3,14.8
2196,247.0,56.1,14.1,5.34,18.5
2198,243.0,59.4,10.7,6.38,19.3
2199,312.0,56.3,9.06,1.78,29.6
2200,152.0,72.5,13.8,0.5,10.5
2203,271.0,54.0,16.4,1.42,21.7
2205,285.0,53.4,17.6,0.16,23.4
2206,286.0,55.2,15.1,0.65,24.3
2207,256.0,63.4,5.36,4.24,23.9
2213,367.0,50.8,7.66,4.24,35.3
2216,229.0,62.7,16.5,0.75,17.7
2217,261.0,61.3,14.5,0.24,22.3
2218,170.0,71.9,11.7,1.05,13.1
2219,441.0,29.5,14.5,15.2,35.3
2220,272.0,54.1,0.5,21.2,20.1
2221,269.0,68.0,2.88,2.87,26.0
2222,304.0,65.5,3.0,2.8,30.7
2224,297.0,62.9,2.49,1.94,30.7
2225,308.0,57.1,2.11,10.6,28.2
2226,194.0,73.6,2.62,2.89,18.7
2227,166.0,76.2,2.81,3.0,15.3
2228,76.4,84.8,3.25,5.28,4.3
2231,0.0,100.0,0.0,0.0,0.0
2232,0.0,99.9,0.0,0.0,0.0
2233,0.0,99.9,0.0,0.0,0.0
2234,0.0,99.9,0.0,0.0,0.0
2235,0.0,100.0,0.0,0.0,0.0
2237,0.0,100.0,0.0,0.0,0.0
2238,0.0,100.0,0.0,0.0,0.0
2239,0.0,100.0,0.0,0.0,0.0
2240,0.0,99.9,0.0,0.0,0.0
2241,0.0,99.9,0.0,0.0,0.0
2242,0.0,99.7,0.0,0.0,0.0
2243,0.0,100.0,0.0,0.0,0.0
2244,0.0,100.0,0.0,0.0,0.0
2245,0.0,100.0,0.0,0.0,0.0
2246,0.0,99.8,0.0,0.0,0.0
2247,0.0,99.8,0.0,0.0,0.0
2248,0.0,99.9,0.0,0.0,0.0
2249,0.0,99.8,0.0,0.0,0.0
2250,0.0,99.9,0.0,0.0,0.0
2251,0.0,99.9,0.0,0.0,0.0
2252,0.0,99.9,0.0,0.0,0.0
2253,0.0,100.0,0.0,0.0,0.0
2254,0.0,99.7,0.0,0.0,0.0
2255,0.0,99.1,0.0,0.0,0.0
2256,0.0,99.9,0.0,0.0,0.0
2257,0.0,100.0,0.0,0.0,0.0
2258,0.0,100.0,0.0,0.0,0.0
2259,0.0,100.0,0.0,0.0,0.0
2260,0.0,99.9,0.0,0.0,0.0
2261,0.0,99.9,0.0,0.0,0.0
2262,0.0,99.9,0.0,0.0,0.0
2263,0.0,100.0,0.0,0.0,0.0
2264,0.0,99.6,0.0,0.0,0.0
2265,0.0,99.9,0.0,0.0,0.0
2266,0.0,99.9,0.0,0.0,0.0
2267,0.0,99.9,0.0,0.0,0.0
2268,0.0,99.7,0.0,0.0,0.0
2269,0.0,100.0,0.0,0.0,0.0
2270,0.0,99.9,0.0,0.0,0.0
2271,0.0,99.9,0.0,0.0,0.0
2272,0.0,99.8,0.0,0.0,0.0
2273,0.0,99.8,0.0,0.0,0.0
2274,0.0,99.9,0.0,0.0,0.0
2275,0.0,99.5,0.0,0.0,0.0
2276,0.0,100.0,0.0,0.0,0.0
2277,0.0,100.0,0.0,0.0,0.0
2278,0.0,100.0,0.0,0.0,0.0
2279,0.0,99.7,0.0,0.0,0.0
2280,0.0,99.9,0.0,0.0,0.0
2281,0.0,100.0,0.0,0.0,0.0
2282,0.0,100.0,0.0,0.0,0.0
2283,0.0,100.0,0.0,0.0,0.0
2284,0.0,100.0,0.0,0.0,0.0
2285,0.0,99.9,0.0,0.0,0.0
2286,0.0,100.0,0.0,0.0,0.0
2287,0.0,100.0,0.0,0.0,0.0
2288,0.0,100.0,0.0,0.0,0.0
2289,0.0,99.9,0.0,0.0,0.0
2290,0.0,99.8,0.0,0.0,0.0
2291,0.0,100.0,0.0,0.0,0.0
2292,0.0,100.0,0.0,0.0,0.0
2293,0.0,100.0,0.0,0.0,0.0
2294,0.0,100.0,0.0,0.0,0.0
2295,0.0,100.0,0.0,0.0,0.0
2296,0.0,99.9,0.0,0.0,0.0
2297,0.0,100.0,0.0,0.0,0.0
2298,0.0,100.0,0.0,0.0,0.0
2299,0.0,99.8,0.0,0.0,0.0
2301,0.0,100.0,0.0,0.0,0.0
2302,0.0,99.8,0.0,0.0,0.0
2304,0.0,99.7,0.0,0.0,0.0
2305,0.0,100.0,0.0,0.0,0.0
2306,0.0,100.0,0.0,0.0,0.0
2307,0.0,99.9,0.0,0.0,0.0
2308,0.0,100.0,0.0,0.0,0.0
2309,0.0,100.0,0.0,0.0,0.0
2311,0.0,99.9,0.0,0.0,0.0
2312,0.0,99.9,0.0,0.0,0.0
2313,0.0,99.9,0.0,0.0,0.0
2314,0.0,100.0,0.0,0.0,0.0
2315,0.0,99.9,0.0,0.0,0.0
2316,0.0,99.9,0.0,0.0,0.0
2320,52.3,87.1,0.41,11.9,0.096
2322,47.0,88.5,0.52,9.58,0.14
2326,45.6,89.7,0.63,9.59,0.13
2328,48.5,88.5,0.24,11.3,0.098
2329,40.9,89.9,0.52,8.41,0.1
2330,69.2,82.4,0.25,16.3,0.057
2333,68.8,84.2,0.31,16.0,0.11
2337,23.2,94.3,0.88,4.13,0.17
2338,42.5,89.9,0.49,8.89,0.083
2342,20.1,93.9,0.88,3.31,0.11
2345,48.9,87.3,0.5,11.2,0.3
2352,21.7,94.1,0.88,3.72,0.14
2354,45.4,88.2,0.61,9.61,0.11
2356,46.9,88.4,0.51,9.32,0.14
2357,52.9,86.3,0.41,12.1,0.074
2358,48.9,88.4,0.17,11.4,0.14
2359,21.7,92.4,0.72,4.66,0.13
2360,47.1,88.8,0.54,10.5,0.13
2369,49.7,87.2,0.3,11.5,0.089
2383,15.1,95.7,0.42,3.33,0.3
2389,41.8,90.3,0.093,10.2,0.062
2390,46.6,88.2,0.067,11.3,0.028
2394,9.46,97.6,0.5,1.45,0.3
2395,37.1,90.6,0.14,8.67,0.078
2404,46.6,88.4,0.068,11.2,0.03
2409,1.3,99.7,0.081,0.11,0.053
2410,27.3,93.8,0.028,6.11,0.0092
2411,30.7,92.9,0.089,7.45,0.059
2415,0.87,99.7,0.0,0.2,0.0
2416,27.3,93.1,0.033,6.76,0.022
2427,47.5,87.5,0.56,9.63,0.3
2429,64.1,84.7,2.75,10.8,0.99
2430,52.7,86.9,2.17,10.0,0.45
2431,188.0,75.1,1.77,3.4,18.4
2432,36.3,94.6,1.06,0.68,3.2
2433,44.4,92.0,0.69,3.96,2.8
2435,35.8,93.0,3.31,0.7,2.07
2436,42.9,90.8,3.42,2.18,2.05
2437,59.3,86.8,2.96,7.24,1.92
2438,41.6,90.6,3.01,2.89,1.8
2439,53.6,87.6,0.46,10.8,1.0
2440,42.5,90.5,0.46,7.8,1.1
2441,68.8,83.9,0.42,13.5,1.4
2442,31.3,94.6,0.42,2.75,2.1
2444,6.88,97.8,0.5,1.35,0.018
2445,0.063,99.8,0.0,0.0,0.007
2446,0.87,99.7,0.0,0.2,0.008
2447,4.42,98.6,0.1,0.6,0.18
2448,7.64,97.8,0.5,1.16,0.2
2449,2.1,98.9,0.12,0.4,0.002
2450,1.64,99.2,0.1,0.3,0.004
2451,69.3,84.7,3.78,9.5,1.42
2452,71.9,83.2,4.08,9.91,1.71
2453,21.6,95.3,1.39,2.31,0.76
2454,54.1,87.0,3.74,5.9,1.62
2455,1.26,99.7,0.0,0.3,0.007
2456,5.1,98.5,0.0,1.09,0.0
2459,28.7,92.2,0.56,6.06,0.3
2460,397.0,5.5,14.4,40.2,15.4
2461,296.0,4.95,19.4,42.6,1.1
2462,255.0,36.2,0.5,62.6,0.5
2463,21.7,93.8,0.5,2.76,0.5
2464,357.0,3.2,12.7,76.0,0.2
2465,232.0,9.3,19.4,6.3,2.0
2466,387.0,3.5,22.4,11.6,20.6
2467,379.0,1.67,6.65,75.6,3.29
2469,332.0,4.1,9.3,66.9,0.35
2470,323.0,2.7,3.3,57.2,2.5
2471,417.0,1.0,12.2,70.1,8.8
2474,386.0,2.0,4.29,85.0,2.04
2475,19.7,93.8,0.5,1.31,0.0
2482,82.1,86.8,0.07,2.63,0.0
2490,37.5,91.9,0.5,5.09,0.6
2496,48.0,93.9,0.5,4.4,0.6
2497,35.4,92.0,0.5,5.34,0.6
2498,25.3,94.0,0.31,4.89,0.05
2499,274.0,59.7,0.0,2.86,0.0
2500,229.0,67.1,0.0,0.37,0.0
2501,265.0,62.1,0.0,0.0,0.0
2502,328.0,35.6,0.1,39.6,0.3
2503,256.0,63.5,0.0,0.0,0.0
2504,252.0,63.9,0.0,0.096,0.0
2506,242.0,65.5,0.0,0.0,0.0
2507,27.6,93.1,0.0,6.89,0.0
2510,211.0,57.7,0.1,27.9,0.0
2512,245.0,47.1,0.0,41.0,0.0
2513,228.0,68.0,0.0,1.0,0.0
2515,133.0,78.4,0.0,5.0,0.0
2523,36.2,92.3,0.0,5.63,0.0
2524,25.4,94.0,0.48,4.93,0.05
2540,523.0,1.97,6.14,60.5,28.1
2541,496.0,3.83,3.7,66.4,24.1
2542,475.0,7.83,3.88,60.2,23.8
2543,537.0,0.7,7.5,55.6,30.8
2547,551.0,2.3,8.75,50.9,34.2
2551,525.0,0.6,8.48,34.1,42.3
2553,505.0,1.66,5.49,65.0,24.3
2554,499.0,1.7,9.5,55.9,25.0
2558,567.0,0.9,8.69,40.7,39.0
2559,494.0,4.42,7.23,57.6,26.0
2562,591.0,0.9,10.4,26.9,46.3
2568,532.0,0.6,5.8,60.5,29.0
2570,557.0,0.86,7.81,45.3,36.1
2572,372.0,3.0,0.5,90.6,0.32
2573,336.0,15.0,1.69,76.6,1.8
2575,324.0,18.2,0.94,79.5,0.5
2576,298.0,23.5,0.5,72.3,0.3
2580,228.0,4.3,0.69,78.1,0.45
2584,440.0,10.0,7.88,60.3,18.0
2587,279.0,3.84,0.53,82.5,0.41
2588,228.0,42.3,0.37,56.5,0.29
2589,249.0,39.0,0.29,60.2,0.31
2590,251.0,38.4,0.5,60.5,0.5
2591,247.0,39.2,0.5,59.7,0.3
2593,246.0,38.1,0.5,59.3,0.4
2597,246.0,37.8,0.5,58.9,0.4
2600,246.0,37.9,0.5,59.6,0.3
2601,162.0,58.2,0.75,38.0,0.3
2602,352.0,20.3,9.76,55.5,9.38
2603,379.0,22.8,7.77,49.1,16.2
2604,372.0,29.2,6.65,40.4,20.0
2605,410.0,21.4,6.33,47.6,21.1
2606,418.0,21.1,6.61,45.7,22.6
2607,444.0,22.1,7.62,35.9,29.1
2608,379.0,23.7,8.55,50.6,15.4
2609,359.0,23.1,8.94,52.2,12.3
2610,369.0,21.8,8.51,52.0,13.5
2611,331.0,25.8,5.11,55.9,9.0
2612,421.0,20.0,7.47,45.4,22.5
2613,423.0,19.0,6.9,46.8,22.3
2614,348.0,24.0,8.56,51.6,11.2
2615,351.0,24.4,7.47,53.2,11.6
2616,346.0,25.5,6.9,50.5,12.1
2618,354.0,23.7,8.13,52.7,11.8
2619,401.0,21.5,11.3,46.0,19.1
2620,374.0,21.4,9.81,49.2,14.7
2621,355.0,25.0,7.2,53.3,12.3
2622,366.0,24.0,8.0,51.6,14.0
2623,381.0,23.5,7.76,42.6,18.6
2624,338.0,36.2,4.17,36.6,18.7
2651,445.0,1.9,7.44,67.7,15.7
2658,511.0,3.1,5.5,59.8,27.2
2659,514.0,2.0,9.31,50.7,28.7
2671,538.0,1.1,5.75,60.1,30.1
2679,471.0,3.2,7.8,68.0,18.1
2683,341.0,15.5,4.44,74.4,2.1
2690,391.0,1.0,8.0,82.2,2.2
2691,408.0,2.7,8.13,70.4,8.9
2692,360.0,3.57,11.5,59.3,4.42
2693,398.0,3.58,7.78,75.3,6.08
2694,418.0,5.72,7.49,66.6,12.2
2695,377.0,2.98,7.4,83.2,0.87
2696,390.0,1.47,6.66,87.0,1.5
2698,388.0,2.03,9.04,77.7,3.24
2699,388.0,2.1,8.48,80.1,2.64
2700,387.0,2.8,6.01,84.2,2.2
2703,433.0,4.2,7.81,69.2,13.0
2705,419.0,8.6,8.42,64.7,13.3
2706,382.0,2.6,11.4,78.6,1.65
2707,394.0,3.3,7.5,73.9,5.9
2708,378.0,3.0,10.5,77.9,1.74
2710,411.0,2.5,10.3,74.6,7.01
2711,378.0,3.1,10.5,78.7,1.4
2713,401.0,3.48,7.51,75.0,6.77
2714,388.0,2.65,8.23,79.2,3.24
2716,436.0,4.3,8.88,59.7,16.7
2717,442.0,2.4,8.57,63.2,16.7
2718,361.0,9.8,9.19,65.4,5.0
2719,460.0,3.05,5.67,68.4,17.3
2720,451.0,3.0,9.13,62.7,16.7
2721,400.0,9.21,10.7,61.6,11.0
2722,385.0,3.34,8.82,75.2,4.01
2723,338.0,3.0,14.0,49.0,3.5
2724,374.0,3.6,5.77,84.7,0.63
2725,386.0,5.0,10.3,67.9,6.3
2727,393.0,2.3,5.71,86.2,2.35
2728,375.0,5.13,6.68,80.5,1.96
2729,390.0,2.68,6.22,83.2,2.82
2730,384.0,3.0,5.5,85.3,1.8
2732,392.0,3.0,7.39,79.4,4.27
2734,369.0,8.8,9.5,61.7,6.9
2735,424.0,5.52,6.96,67.3,12.8
2736,366.0,11.0,11.0,58.0,7.7
2737,401.0,6.63,9.2,60.7,11.6
2738,382.0,2.7,7.06,79.5,3.2
2739,379.0,8.45,6.13,72.8,6.53
2740,418.0,4.48,5.99,72.9,10.9
2741,386.0,9.5,5.9,65.3,11.2
2742,451.0,2.54,6.55,73.0,14.9
2743,377.0,8.68,5.49,73.5,7.07
2744,444.0,6.5,8.69,60.6,18.2
2746,169.0,64.5,2.83,23.6,3.86
2757,458.0,12.8,5.94,50.6,25.4
2775,313.0,38.6,4.44,38.7,15.0
2804,455.0,7.0,4.56,67.0,18.3
2810,404.0,26.0,7.25,39.4,23.7
2811,378.0,27.6,6.36,45.6,18.7
2812,362.0,27.7,5.65,47.6,16.0
2813,420.0,20.3,7.31,45.9,22.5
2815,360.0,23.5,4.19,55.2,12.6
2832,359.0,35.2,5.12,35.8,21.4
2833,328.0,41.3,3.42,33.4,19.8
2848,286.0,48.3,5.38,31.4,14.9
2849,119.0,73.5,2.06,18.8,3.62
2850,275.0,46.0,3.18,40.5,10.7
2851,230.0,54.4,2.57,32.6,9.7
2852,262.0,54.2,2.71,26.2,16.1
2853,212.0,54.3,3.6,34.8,6.5
2854,197.0,60.7,2.74,23.5,9.57
2855,264.0,52.3,4.93,25.3,15.2
2860,753.0,15.4,0.7,0.9,82.9
2862,738.0,15.3,0.72,0.55,81.4
2863,732.0,15.7,0.5,0.68,80.8
2864,755.0,15.6,0.7,0.5,83.4
2865,550.0,37.7,0.56,0.7,60.6
2866,555.0,37.0,0.9,0.5,61.0
2867,368.0,56.5,0.33,3.73,38.9
2868,727.0,16.6,0.73,0.55,80.2
2869,741.0,16.7,0.69,0.99,81.5
2870,391.0,54.1,0.5,3.6,41.7
2871,247.0,68.8,0.4,3.8,25.6
2872,201.0,73.6,0.5,6.2,19.1
2873,900.0,0.0,0.0,0.0,100.0
2874,900.0,0.0,0.0,0.0,100.0
2875,900.0,0.0,0.0,0.0,100.0
2876,899.0,0.17,0.5,0.0,99.8
2877,900.0,0.0,0.0,0.0,100.0
2878,900.0,0.03,0.0,0.0,100.0
2879,900.0,0.0,0.0,0.0,100.0
2880,900.0,0.0,0.0,0.0,100.0
2881,900.0,0.0,0.0,0.0,100.0
2882,900.0,0.066,0.21,0.0,99.9
2883,900.0,0.0,0.0,0.0,100.0
2884,900.0,0.0,0.0,0.0,100.0
2885,900.0,0.08,0.5,0.0,99.9
2886,900.0,0.0,0.0,0.0,100.0
2887,900.0,0.0,0.0,0.0,100.0
2888,900.0,0.0,0.0,0.0,100.0
2889,900.0,0.0,0.0,0.0,100.0
2890,900.0,0.0,0.0,0.0,100.0
2891,900.0,0.0,0.0,0.0,100.0
2892,900.0,0.0,0.0,0.0,100.0
2893,900.0,0.0,0.0,0.0,100.0
2894,900.0,0.0,0.0,0.0,100.0
2895,900.0,0.1,0.5,0.0,99.9
2896,900.0,0.0,0.0,0.0,100.0
2897,900.0,0.03,0.0,0.0,100.0
2898,900.0,0.0,0.0,0.0,100.0
2899,900.0,0.0,0.0,0.0,100.0
2900,900.0,0.0,0.0,0.0,100.0
2901,901.0,0.03,0.5,0.0,100.0
2902,896.0,0.0,0.0,0.0,99.5
2903,900.0,0.0,0.0,0.0,100.0
2906,726.0,16.3,0.39,0.3,80.4
2907,631.0,26.5,0.13,0.24,70.0
2908,548.0,39.0,0.5,0.55,60.6
2909,608.0,29.9,0.16,0.24,67.4
2910,532.0,40.8,0.28,0.24,58.9
2911,366.0,55.8,1.44,3.0,38.6
2912,358.0,51.6,0.9,3.05,38.0
2913,349.0,58.2,0.0,0.0,38.8
2914,521.0,40.4,0.15,0.18,57.8
2915,523.0,36.9,0.2,0.2,58.0
2916,548.0,39.4,0.5,0.0,60.8
2917,491.0,44.2,0.083,0.12,54.5
2918,536.0,40.5,0.5,0.18,59.3
2920,490.0,44.5,0.4,0.6,54.0
2922,397.0,54.0,1.69,5.6,40.9
2924,900.0,0.0,0.0,0.0,100.0
2925,900.0,0.0,0.0,0.0,100.0
2926,900.0,0.0,0.0,0.0,100.0
2927,900.0,0.0,0.0,0.0,100.0
2928,896.0,1.0,0.0,0.0,99.5
2929,810.0,7.69,2.92,0.0,88.7
2930,898.0,0.2,0.0,0.0,99.8
2931,898.0,0.2,0.0,0.0,99.8
2932,898.0,0.2,0.0,0.0,99.8
2933,898.0,0.2,0.0,0.0,99.8
2934,0.0,0.0,0.0,0.0,0.0
2936,99.0,71.1,1.27,21.4,0.19
2941,136.0,63.4,0.56,30.3,0.6
2942,45.5,68.9,7.08,3.64,0.1
2960,218.0,64.3,2.19,6.8,19.2
2962,135.0,62.4,1.38,31.2,0.5
2963,68.0,83.7,3.56,5.05,3.0
2981,77.4,81.1,1.02,10.6,3.16
2994,370.0,46.6,3.94,6.6,35.4
3006,113.0,81.5,0.94,3.14,10.2
3009,105.0,77.7,3.44,16.7,2.5
3010,19.4,93.7,1.06,0.78,0.6
3011,152.0,67.9,6.92,4.33,11.2
3012,22.6,92.9,0.04,0.62,0.1
3013,142.0,67.8,6.6,2.2,9.9
3018,125.0,70.3,0.69,25.8,0.6
3019,36.0,91.5,1.25,5.0,0.35
3023,332.0,45.7,2.19,0.1,33.3
3025,162.0,74.6,1.39,0.043,16.5
3027,240.0,2.6,10.2,19.7,13.3
3028,343.0,4.2,8.5,59.5,7.4
3031,233.0,9.37,11.3,20.8,11.5
3032,248.0,4.7,44.5,17.0,0.2
3035,38.5,87.4,2.12,3.2,0.73
3036,213.0,4.53,10.3,17.7,11.1
3037,212.0,2.4,11.6,28.9,5.4
3038,197.0,2.5,10.8,30.9,3.1
3039,0.0,0.027,0.0,0.0,0.0
3041,0.0,0.027,0.0,0.0,0.0
3042,0.0,3.75,0.0,0.0,0.0
3043,0.0,5.09,0.0,0.0,0.0
3044,0.0,0.027,0.0,0.0,0.0
3045,301.0,8.8,14.5,2.63,14.0
3046,335.0,9.94,8.98,58.3,4.24
3047,330.0,9.0,13.3,39.5,7.5
3048,310.0,11.4,11.4,48.3,2.11
3049,243.0,10.6,3.87,27.5,1.22
3050,346.0,8.88,12.4,13.0,17.8
3051,352.0,11.9,11.4,61.5,5.85
3052,427.0,8.06,17.8,33.7,22.3
3053,504.0,6.22,5.3,28.5,36.3
3054,319.0,11.2,14.1,19.1,12.9
3055,335.0,9.87,5.97,31.6,13.0
3056,353.0,5.44,7.61,48.6,8.36
3057,348.0,8.46,6.09,50.5,8.69
3059,551.0,5.17,19.7,13.7,43.1
3060,334.0,9.87,19.8,11.9,14.6
3061,240.0,64.5,0.05,2.41,0.0
3062,326.0,8.81,15.7,12.5,14.9
3063,32.9,90.9,1.1,3.4,1.1
3064,321.0,8.28,10.8,40.5,6.7
3065,350.0,7.72,27.1,33.8,6.41
3066,345.0,8.86,12.3,37.7,10.4
3067,376.0,8.05,12.0,29.4,17.3
3068,291.0,12.9,9.68,44.4,3.25
3069,57.7,85.6,0.03,14.4,0.0
3070,111.0,67.8,5.31,18.6,0.5
3071,39.9,87.4,3.72,3.63,0.6
3072,29.7,90.6,2.57,2.1,0.52
3073,43.0,85.5,3.71,3.48,0.63
3075,57.6,82.1,3.52,5.3,0.84
3076,34.8,91.7,3.35,2.55,0.47
3077,121.0,67.8,3.31,6.6,5.86
3078,36.7,85.6,4.0,0.97,0.5
3079,107.0,65.1,5.56,10.5,1.68
3080,49.4,84.2,3.58,4.15,0.8
3082,48.2,86.0,3.93,3.9,1.1
3083,22.3,92.2,2.13,0.87,0.52
3084,127.0,65.4,5.56,23.8,0.5
3085,130.0,63.5,6.0,22.0,0.4
3086,344.0,6.48,16.7,62.8,0.77
3087,291.0,3.95,29.0,16.8,5.34
3088,283.0,11.3,19.9,22.2,6.03
3089,244.0,10.4,23.0,10.1,4.07
3090,276.0,7.64,12.7,20.3,7.04
3091,265.0,9.93,9.0,26.4,4.28
3092,328.0,9.31,4.88,21.5,15.2
3093,320.0,7.96,10.6,20.4,12.8
3094,285.0,7.79,9.11,26.9,7.43
3095,283.0,7.1,11.5,23.0,7.2
3096,264.0,9.0,6.73,23.0,5.91
3097,239.0,8.4,23.0,12.7,1.8
3101,184.0,8.54,14.1,5.7,2.51
3102,206.0,10.9,15.9,13.8,2.03
3103,204.0,8.63,10.3,23.6,1.07
3104,255.0,6.54,31.5,10.5,1.63
3105,227.0,6.72,17.2,22.6,1.33
3106,224.0,9.5,8.38,24.2,2.65
3107,217.0,5.31,9.51,25.6,1.13
3108,239.0,8.09,10.1,28.3,2.63
3109,243.0,8.4,16.5,18.8,3.54
3110,194.0,11.6,7.41,15.7,1.33
3111,224.0,7.65,13.7,18.8,2.47
3112,234.0,10.7,16.6,21.5,2.3
3113,211.0,10.8,7.22,18.5,2.78
3114,187.0,10.3,12.3,6.28,1.53
3116,97.3,79.6,6.43,11.1,2.75
3117,91.1,79.7,6.79,10.4,2.45
3118,82.5,80.6,6.09,10.1,1.73
3119,87.5,80.0,6.19,10.2,2.28
3121,279.0,9.05,15.4,23.6,4.35
3122,359.0,7.53,15.8,51.0,6.48
3123,226.0,4.71,8.36,6.65,0.92
3124,398.0,6.12,13.9,28.1,20.9
3125,344.0,7.8,15.7,46.0,6.09
3126,368.0,7.5,27.2,35.1,9.5
3127,348.0,11.7,86.9,0.0,0.1
3128,334.0,5.0,40.4,21.8,4.5
3133,0.4,0.2,0.1,0.0,0.0
3134,52.5,89.4,4.57,1.53,2.9
3139,60.7,84.2,0.5,14.6,0.3
3140,278.0,7.2,0.0,62.0,0.0
3142,358.0,7.58,21.9,52.5,4.2
3146,779.0,1.0,0.0,8.0,83.0
3147,497.0,1.17,10.9,55.0,25.3
3151,82.3,82.2,2.14,11.6,2.83
3152,67.8,85.8,1.75,7.7,3.0
3153,83.8,81.2,1.98,12.1,2.7
3154,84.4,81.3,2.36,11.6,2.8
3155,86.5,81.0,2.23,12.6,2.78
3156,75.7,83.1,1.85,10.4,2.6
3158,85.6,81.6,1.9,12.7,2.89
3159,86.5,81.0,2.22,12.6,2.78
3160,61.0,87.7,1.28,7.77,2.71
3161,71.9,86.3,1.21,8.04,3.79
3162,65.2,86.7,1.21,8.23,2.9
3164,26.3,92.2,0.9,3.8,0.5
3165,41.7,89.8,1.3,6.45,0.8
3166,42.9,88.6,1.2,6.9,0.7
3167,70.2,83.9,2.38,9.12,2.3
3168,77.5,83.6,2.1,8.1,3.5
3169,71.6,83.1,2.88,8.53,2.3
3170,38.5,90.4,1.0,5.88,0.91
3171,59.5,87.2,1.5,7.19,2.5
3172,70.3,84.0,2.56,8.59,2.4
3173,59.0,86.3,3.6,5.9,1.6
3174,54.9,86.1,2.8,6.77,1.31
3175,75.7,85.5,2.5,8.95,2.9
3179,90.3,79.7,3.32,11.3,3.1
3180,94.1,79.1,3.45,11.7,3.3
3181,100.0,77.7,3.19,12.5,3.5
3182,393.0,2.2,5.1,88.3,1.7
3183,391.0,1.8,10.0,81.1,2.0
3184,439.0,3.0,7.5,73.3,12.3
3185,396.0,1.2,8.5,85.0,1.9
